,Id,CreatedDate,Full Name,Name,Email,PhoneNumber,IsActive,BillingAddress,BillingCountry,BillingCountryCode,BillingLatitude,BillingLongitude,CurrencyISOCode,AccountId
0,0056T000000ZIroqag,2024-11-01 13:47:42.000,Jason Wiedman,Apple,JasonWiedman@apple.com,001-754-772-2436x90958,1,"5763 Johns Village Jamieside, KS 90037",United States,US,-25.514507,-32.010990,USD,0056T000000ZSGqqao
1,0056T000000ZIroqag,2024-11-01 13:47:42.000,Jason Wiedman,Apple,JasonWiedman@apple.com,001-754-772-2436x90958,1,"5763 Johns Village Jamieside, KS 90037",United States,US,-25.514507,-32.010990,USD,0056T000000ZOxnqag
2,0056T000000ZDCEqaE,2024-10-30 15:35:45.000,Melissa Obrien,Amplify Digital Agency,MelissaObrien@amplifydigitalagency.com,656-261-1513x887,0,"0406 Montoya Terrace North Aaronfurt, SD 87616",United States,US,-57.547170,-85.862105,USD,0056T000000ZqCfqak
3,0056T000000ZDCEqaE,2024-10-30 15:35:45.000,Melissa Obrien,Amplify Digital Agency,MelissaObrien@amplifydigitalagency.com,656-261-1513x887,0,"0406 Montoya Terrace North Aaronfurt, SD 87616",United States,US,-57.547170,-85.862105,USD,0056T000000ZnFiqak
4,0056T000000ZvsKqas,2024-10-27 22:14:09.000,George Livingston,Pixel Perfect Marketing,GeorgeLivingston@pixelperfectmarketing.com,+1-711-865-3885x5595,1,"02398 Garcia Keys Suite 002 Lake Ashleystad, AR 34553",United States,US,-44.821613,59.286126,USD,0056T000000ZZnbqag
5,0056T000000ZvsKqas,2024-10-27 22:14:09.000,George Livingston,Pixel Perfect Marketing,GeorgeLivingston@pixelperfectmarketing.com,+1-711-865-3885x5595,1,"02398 Garcia Keys Suite 002 Lake Ashleystad, AR 34553",United States,US,-44.821613,59.286126,USD,0056T000000ZvyJqas
6,0056T000000ZvsKqas,2024-10-27 22:14:09.000,George Livingston,Pixel Perfect Marketing,GeorgeLivingston@pixelperfectmarketing.com,+1-711-865-3885x5595,1,"02398 Garcia Keys Suite 002 Lake Ashleystad, AR 34553",United States,US,-44.821613,59.286126,USD,0056T000000Zlczqac
7,0056T000000ZvsKqas,2024-10-27 22:14:09.000,George Livingston,Pixel Perfect Marketing,GeorgeLivingston@pixelperfectmarketing.com,+1-711-865-3885x5595,1,"02398 Garcia Keys Suite 002 Lake Ashleystad, AR 34553",United States,US,-44.821613,59.286126,USD,0056T000000ZPyrqag
8,0056T000000ZxDrqak,2024-10-27 08:18:09.000,Debora Sledge,NextGen Promotions,DeboraSledge@nextgenpromotions.com,589.757.1757,1,"224 Benjamin Knoll Lake Jacobmouth, MA 37234",United States,US,-88.927141,21.107797,USD,0056T000000ZbbTqas
9,0056T000000ZxDrqak,2024-10-27 08:18:09.000,Debora Sledge,NextGen Promotions,DeboraSledge@nextgenpromotions.com,589.757.1757,1,"224 Benjamin Knoll Lake Jacobmouth, MA 37234",United States,US,-88.927141,21.107797,USD,0056T000000ZDjfqag
10,0056T000000ZPNYqaE,2024-10-27 11:59:02.000,Fredrick King,Synergy Branding Agency,FredrickKing@synergybrandingagency.com,724-865-0067x43366,1,"67424 Mann Lodge Suite 113 Zamorashire, MI 22537",United States,US,48.6927585,-137.554143,USD,0056T000000ZnJKqaA
11,0056T000000ZPNYqaE,2024-10-27 11:59:02.000,Fredrick King,Synergy Branding Agency,FredrickKing@synergybrandingagency.com,724-865-0067x43366,1,"67424 Mann Lodge Suite 113 Zamorashire, MI 22537",United States,US,48.6927585,-137.554143,USD,0056T000000ZWkAqaw
12,0056T000000ZPNYqaE,2024-10-27 11:59:02.000,Fredrick King,Synergy Branding Agency,FredrickKing@synergybrandingagency.com,724-865-0067x43366,1,"67424 Mann Lodge Suite 113 Zamorashire, MI 22537",United States,US,48.6927585,-137.554143,USD,0056T000000ZoOPqaA
13,0056T000000Zfvlqac,2024-11-05 00:23:15.000,Shawn Campbell,Amplify Digital Agency,ShawnCampbell@amplifydigitalagency.com,(478)417-7444x2886,0,"99753 Watson Bypass Suite 163 North William, NY 64042",United States,US,23.3793995,-136.202906,USD,0056T000000ZHMIqaE
14,0056T000000ZIhcqag,2024-10-30 01:46:00.000,Michael Bellamy,Dynamic Engagements,MichaelBellamy@dynamicengagements.com,850-238-4523x64614,1,"7460 Anderson Falls Apt. 775 Port Robertberg, RI 76448",United States,US,5.8096345,99.963446,USD,0056T000000ZleAqas
15,0056T000000Zijiqac,2024-10-31 05:40:11.000,Jessica Shary,Fusion Strategies,JessicaShary@fusionstrategies.com,724.576.3915x111,0,"196 Patel Spur East Cherylton, LA 38543",United States,US,-14.674296,55.267971,USD,0056T000000ZeNRqaA
16,0056T000000Zijiqac,2024-10-31 05:40:11.000,Jessica Shary,Fusion Strategies,JessicaShary@fusionstrategies.com,724.576.3915x111,0,"196 Patel Spur East Cherylton, LA 38543",United States,US,-14.674296,55.267971,USD,0056T000000ZgqNqas
17,0056T000000ZmNyqak,2024-11-02 02:21:51.000,Alfredo Scott,Facebook,AlfredoScott@facebook.com,001-281-901-6700x3505,0,"406 Mayo View Lake Kent, MA 46964",United States,US,-43.120626,61.743102,USD,0056T000000Zhinqac
18,0056T000000ZSMXqaE,2024-11-01 07:58:49.000,Tim Gran,Apple,TimGran@apple.com,+1-717-554-8100,1,"589 Rogers Plain Apt. 841 East Michaelside, MS 16957",United States,US,75.1316975,-167.147423,USD,0056T000000ZBuyqag
19,0056T000000ZPCZqaE,2024-10-29 09:40:59.000,Zachary Brown,Pixel Perfect Marketing,ZacharyBrown@pixelperfectmarketing.com,(955)368-1948x2173,1,"53058 Steven Course Stephaniechester, MD 39628",United States,US,-25.800264,18.110466,USD,0056T000000ZXXgqao
20,0056T000000Zqccqac,2024-11-01 15:33:40.000,Minerva Naegeli,EchoWave Marketing,MinervaNaegeli@echowavemarketing.com,001-346-713-2720,0,"5181 Rodriguez Pine Russellstad, ID 61313",United States,US,87.7609905,118.875865,USD,0056T000000Zfmcqac
21,0056T000000ZcHCqaA,2024-10-31 06:16:59.000,George King,AdVenture Media,GeorgeKing@adventuremedia.com,650-892-3682,0,"019 Smith Vista Lake Angie, WV 22938",United States,US,-67.7798935,-152.502138,USD,0056T000000ZWQLqaE
22,0056T000000ZcHCqaA,2024-10-31 06:16:59.000,George King,AdVenture Media,GeorgeKing@adventuremedia.com,650-892-3682,0,"019 Smith Vista Lake Angie, WV 22938",United States,US,-67.7798935,-152.502138,USD,0056T000000ZiUKqaA
23,0056T000000ZsBcqak,2024-11-05 09:24:37.000,Enedina Blackard,Apple,EnedinaBlackard@apple.com,001-206-675-4143x1182,1,"459 Hall Station Suite 575 Montoyamouth, MT 96669",United States,US,55.5342105,-142.103164,USD,0056T000000ZZlEqaw
24,0056T000000ZsBcqak,2024-11-05 09:24:37.000,Enedina Blackard,Apple,EnedinaBlackard@apple.com,001-206-675-4143x1182,1,"459 Hall Station Suite 575 Montoyamouth, MT 96669",United States,US,55.5342105,-142.103164,USD,0056T000000ZhPHqaA
25,0056T000000ZPWWqaE,2024-10-31 03:50:59.000,Tricia Gaunt,Catalyst Marketing Group,TriciaGaunt@catalystmarketinggroup.com,+1-891-300-2861x032,0,"05771 Le Estate Suite 569 Port Timothy, ME 43313",United States,US,67.324830,61.451180,USD,
26,0056T000000ZqAQqaA,2024-10-29 20:00:57.000,Travis Leggett,Catalyst Marketing Group,TravisLeggett@catalystmarketinggroup.com,(719)703-1546,1,"511 Williams Spur Apt. 218 Morganview, AK 14007",United States,US,-87.616983,-145.493705,USD,0056T000000ZUmLqaw
27,0056T000000ZqAQqaA,2024-10-29 20:00:57.000,Travis Leggett,Catalyst Marketing Group,TravisLeggett@catalystmarketinggroup.com,(719)703-1546,1,"511 Williams Spur Apt. 218 Morganview, AK 14007",United States,US,-87.616983,-145.493705,USD,0056T000000Zwgyqac
28,0056T000000ZqAQqaA,2024-10-29 20:00:57.000,Travis Leggett,Catalyst Marketing Group,TravisLeggett@catalystmarketinggroup.com,(719)703-1546,1,"511 Williams Spur Apt. 218 Morganview, AK 14007",United States,US,-87.616983,-145.493705,USD,0056T000000ZKqHqaw
29,0056T000000ZguIqas,2024-10-27 15:51:20.000,Blake Stewart,Catalyst Marketing Group,BlakeStewart@catalystmarketinggroup.com,219-675-0537,1,"68152 Curtis Row Apt. 213 Julialand, KY 54266",United States,US,-21.538926,165.962132,USD,0056T000000ZiaXqas
30,0056T000000ZguIqas,2024-10-27 15:51:20.000,Blake Stewart,Catalyst Marketing Group,BlakeStewart@catalystmarketinggroup.com,219-675-0537,1,"68152 Curtis Row Apt. 213 Julialand, KY 54266",United States,US,-21.538926,165.962132,USD,0056T000000ZzHKqaA
31,0056T000000ZguIqas,2024-10-27 15:51:20.000,Blake Stewart,Catalyst Marketing Group,BlakeStewart@catalystmarketinggroup.com,219-675-0537,1,"68152 Curtis Row Apt. 213 Julialand, KY 54266",United States,US,-21.538926,165.962132,USD,0056T000000ZlvTqas
32,0056T000000ZuRDqaA,2024-10-27 09:26:33.000,Nicole Henrick,Facebook,NicoleHenrick@facebook.com,001-584-435-8473,0,"36557 Campbell Oval Apt. 971 Gilmoreville, TX 48851",United States,US,-6.261328,-75.124995,USD,0056T000000ZHRBqaE
33,0056T000000ZuRDqaA,2024-10-27 09:26:33.000,Nicole Henrick,Facebook,NicoleHenrick@facebook.com,001-584-435-8473,0,"36557 Campbell Oval Apt. 971 Gilmoreville, TX 48851",United States,US,-6.261328,-75.124995,USD,0056T000000ZCPoqao
34,0056T000000ZuRDqaA,2024-10-27 09:26:33.000,Nicole Henrick,Facebook,NicoleHenrick@facebook.com,001-584-435-8473,0,"36557 Campbell Oval Apt. 971 Gilmoreville, TX 48851",United States,US,-6.261328,-75.124995,USD,0056T000000ZMREqaE
35,0056T000000ZuRDqaA,2024-10-27 09:26:33.000,Nicole Henrick,Facebook,NicoleHenrick@facebook.com,001-584-435-8473,0,"36557 Campbell Oval Apt. 971 Gilmoreville, TX 48851",United States,US,-6.261328,-75.124995,USD,0056T000000ZiaVqas
36,0056T000000ZCvxqag,2024-10-31 16:28:12.000,Carl Jones,Facebook,CarlJones@facebook.com,790.838.2732x114,1,"5085 Jones Road Moraleston, ND 96693",United States,US,-28.5085705,83.099917,USD,0056T000000ZhDYqaA
37,0056T000000ZCvxqag,2024-10-31 16:28:12.000,Carl Jones,Facebook,CarlJones@facebook.com,790.838.2732x114,1,"5085 Jones Road Moraleston, ND 96693",United States,US,-28.5085705,83.099917,USD,0056T000000ZogFqas
38,0056T000000ZCvxqag,2024-10-31 16:28:12.000,Carl Jones,Facebook,CarlJones@facebook.com,790.838.2732x114,1,"5085 Jones Road Moraleston, ND 96693",United States,US,-28.5085705,83.099917,USD,0056T000000ZzIAqaA
39,0056T000000ZCvxqag,2024-10-31 16:28:12.000,Carl Jones,Facebook,CarlJones@facebook.com,790.838.2732x114,1,"5085 Jones Road Moraleston, ND 96693",United States,US,-28.5085705,83.099917,USD,0056T000000ZRyhqag
40,0056T000000ZCvxqag,2024-10-31 16:28:12.000,Carl Jones,Facebook,CarlJones@facebook.com,790.838.2732x114,1,"5085 Jones Road Moraleston, ND 96693",United States,US,-28.5085705,83.099917,USD,0056T000000Ztpkqac
41,0056T000000ZRRTqaE,2024-10-30 17:51:24.000,Paul Thomas,NextGen Promotions,PaulThomas@nextgenpromotions.com,001-913-236-6876x218,1,"527 Thomas Unions Suite 505 Charleston, SC 73746",United States,US,51.7800705,-123.241199,USD,
